Inmunno efficiency,Max.cells
0.0,195.0
0.1111111111111111,265.0
0.2222222222222222,197.0
0.3333333333333333,191.0
0.4444444444444444,265.0
0.5555555555555556,307.0
0.6666666666666666,383.0
0.7777777777777777,391.0
0.8888888888888888,458.0
1.0,434.0
